"siteId","assetId","oem","sourceTimestamp","battery_200_DailyWhExp","battery_200_DailyWhExp_dl","battery_200_DailyWhImp","battery_200_DailyWhImp_dl","battery_200_IncWhExp","battery_200_IncWhExp_dl","battery_200_IncWhImp","battery_200_IncWhImp_dl","battery_200_TotWhExp","battery_200_TotWhExp_dl","battery_200_TotWhImp","battery_200_TotWhImp_dl","battery_200_W","battery_200_W_dl","battery_713_SoC","battery_713_SoC_dl","battery_713_SoH","battery_713_SoH_dl","grid_200_DailyWhExp","grid_200_DailyWhExp_dl","grid_200_DailyWhImp","grid_200_DailyWhImp_dl","grid_200_IncWhExp","grid_200_IncWhExp_dl","grid_200_IncWhImp","grid_200_IncWhImp_dl","grid_200_TotWhExp","grid_200_TotWhExp_dl","grid_200_TotWhImp","grid_200_TotWhImp_dl","grid_200_W","grid_200_W_dl","load_200_IncWhExp","load_200_IncWhExp_dl","load_200_IncWhImp","load_200_IncWhImp_dl","load_200_TotWhExp","load_200_TotWhExp_dl","load_200_TotWhImp","load_200_TotWhImp_dl","load_200_W","load_200_W_dl","pv_200_DailyWhExp","pv_200_DailyWhExp_dl","pv_200_IncWhExp","pv_200_IncWhExp_dl","pv_200_IncWhImp","pv_200_IncWhImp_dl","pv_200_TotWhExp","pv_200_TotWhExp_dl","pv_200_TotWhImp","pv_200_TotWhImp_dl","pv_200_W","pv_200_W_dl"
"400001859","400001859","solax","2026-04-01 23:35:00.000","","VALID","","VALID","0","VALID","0","VALID","4,849,800","VALID","2,937,200","VALID","-384","VALID","61","VALID","","VALID","","VALID","","VALID","0","VALID","0","VALID","200","VALID","200","VALID","0","VALID","0","VALID","100","VALID","0","VALID","21,990,800","VALID","837","VALID","","VALID","100","VALID","0","VALID","22,654,600","VALID","0","VALID","1,221","VALID"
"400001882","400001882","solax","2026-04-01 23:35:00.000","","VALID","","VALID","0","VALID","100","VALID","5,046,800","VALID","2,997,500","VALID","-1,409","VALID","56","VALID","","VALID","","VALID","","VALID","0","VALID","0","VALID","200","VALID","200","VALID","0","VALID","0","VALID","0","VALID","0","VALID","16,645,398","VALID","498","VALID","","VALID","200","VALID","0","VALID","17,224,800","VALID","0","VALID","1,907","VALID"
"400001860","400001860","solax","2026-04-01 23:35:01.000","","VALID","","VALID","0","VALID","0","VALID","6,067,800","VALID","3,533,400","VALID","0","VALID","100","VALID","","VALID","","VALID","","VALID","0","VALID","0","VALID","200","VALID","200","VALID","0","VALID","0","VALID","100","VALID","0","VALID","18,477,200","VALID","1,260","VALID","","VALID","100","VALID","0","VALID","19,300,400","VALID","0","VALID","1,260","VALID"
"400003181","400003181","solax","2026-04-01 23:35:01.000","","VALID","","VALID","0","VALID","100","VALID","2,861,100","VALID","3,153,600","VALID","-746","VALID","47","VALID","","VALID","","VALID","","VALID","0","VALID","0","VALID","100","VALID","100","VALID","0","VALID","0","VALID","100","VALID","0","VALID","10,685,900","VALID","772","VALID","","VALID","100","VALID","0","VALID","10,978,400","VALID","0","VALID","1,518","VALID"
"400000948","400000948","tesla","2026-04-01 23:35:50.000","","VALID","","VALID","8","VALID","2","VALID","3,153,275","VALID","3,244,903","VALID","0","VALID","100","VALID","","VALID","","VALID","","VALID","40","VALID","4.25","VALID","16,433,919","VALID","2,459,417.25","VALID","-301","VALID","0","VALID","56.25","VALID","0","VALID","7,875,812.25","VALID","613","VALID","","VALID","86","VALID","0","VALID","21,941,942","VALID","0","VALID","914","VALID"
"400001431","400001431","tesla","2026-04-01 23:35:50.000","","VALID","","VALID","89","VALID","0","VALID","4,012,544","VALID","4,146,178","VALID","3,936","VALID","71.73144876325088","VALID","","VALID","","VALID","","VALID","1","VALID","2","VALID","49,739","VALID","16,028,058","VALID","-5","VALID","0","VALID","158","VALID","0","VALID","27,513,083","VALID","4,593","VALID","","VALID","68","VALID","0","VALID","11,668,398","VALID","0","VALID","662","VALID"
"400005107","400005107","tesla","2026-04-01 23:35:53.000","","VALID","","VALID","0","VALID","102","VALID","2,599,492","VALID","2,702,535","VALID","-1,269","VALID","52.28070175438596","VALID","","VALID","","VALID","","VALID","3","VALID","0","VALID","1,435,429","VALID","9,114,355","VALID","-6","VALID","0","VALID","49","VALID","0","VALID","13,129,352","VALID","431","VALID","","VALID","154","VALID","0","VALID","5,553,469","VALID","0","VALID","1,706","VALID"
"400001955","400001955","tesla","2026-04-01 23:35:54.000","","VALID","","VALID","18","VALID","5","VALID","4,780,901","VALID","4,933,004","VALID","-1","VALID","100","VALID","","VALID","","VALID","","VALID","158","VALID","0","VALID","3,839,164","VALID","6,060,307","VALID","-1,782","VALID","0","VALID","51","VALID","0","VALID","13,432,019","VALID","500","VALID","","VALID","196","VALID","0","VALID","11,362,979","VALID","0","VALID","2,283","VALID"
"400005805","400005805","tesla","2026-04-01 23:35:58.000","","VALID","","VALID","4","VALID","3","VALID","2,764,881","VALID","2,850,072","VALID","0","VALID","43.20557491289199","VALID","","VALID","","VALID","","VALID","1","VALID","2","VALID","1,730,977","VALID","11,505,376","VALID","-3","VALID","0","VALID","3.375","VALID","0","VALID","11,615,883.875","VALID","-41.79999923706055","VALID","","VALID","1.375","VALID","0","VALID","1,926,675.875","VALID","0","VALID","-38.79999923706055","VALID"
"400001795","400001795","tesla","2026-04-01 23:36:15.000","","VALID","","VALID","15","VALID","4","VALID","1,166,555","VALID","1,203,106","VALID","-1","VALID","100","VALID","","VALID","","VALID","","VALID","174","VALID","0","VALID","1,194,431.25","VALID","7,306,436","VALID","-2,134","VALID","0","VALID","47.25","VALID","0","VALID","9,127,028","VALID","557.800048828125","VALID","","VALID","210.25","VALID","0","VALID","3,051,574.25","VALID","0","VALID","2,692.800048828125","VALID"
"400001432","400001432","tesla","2026-04-01 23:36:21.000","","VALID","","VALID","17","VALID","5","VALID","3,164,137","VALID","3,217,572","VALID","-2","VALID","100","VALID","","VALID","","VALID","","VALID","44.25","VALID","0","VALID","2,504,469","VALID","1,143,203.875","VALID","-191","VALID","0","VALID","24.75","VALID","0","VALID","5,138,327.875","VALID","169","VALID","","VALID","57","VALID","0","VALID","6,553,028","VALID","0","VALID","362","VALID"
"400000665","400000665","tesla","2026-04-01 23:36:31.000","","VALID","","VALID","1","VALID","0","VALID","15,010,337","VALID","17,889,810","VALID","50","VALID","100","VALID","","VALID","","VALID","","VALID","15.5","VALID","3.5","VALID","6,381,299","VALID","7,622,199","VALID","3","VALID","0","VALID","487","VALID","0","VALID","18,908,577","VALID","5,871","VALID","","VALID","498","VALID","0","VALID","20,547,150","VALID","0","VALID","5,818","VALID"
"400002048","400002048","solax","2026-04-01 23:36:43.000","","VALID","","VALID","100","VALID","0","VALID","3,265,500","VALID","3,613,600","VALID","612","VALID","97","VALID","","VALID","","VALID","","VALID","100","VALID","0","VALID","5,562,500","VALID","8,917,800","VALID","0","VALID","0","VALID","100","VALID","0","VALID","15,290,900","VALID","2,852","VALID","","VALID","200","VALID","0","VALID","12,283,700","VALID","0","VALID","2,240","VALID"
"400001477","400001477","solax","2026-04-01 23:40:00.000","","VALID","","VALID","0","VALID","0","VALID","3,398,500","VALID","3,666,800","VALID","0","VALID","99","VALID","","VALID","","VALID","","VALID","100","VALID","0","VALID","2,731,300","VALID","3,230,900","VALID","-2,066","VALID","0","VALID","100","VALID","0","VALID","9,750,200","VALID","722","VALID","","VALID","200","VALID","0","VALID","9,518,900","VALID","0","VALID","2,788","VALID"
"400002030","400002030","solax","2026-04-01 23:40:00.000","","VALID","","VALID","300","VALID","0","VALID","22,738,000","VALID","13,273,300","VALID","3,700","VALID","56","VALID","","VALID","","VALID","","VALID","0","VALID","100","VALID","5,503,000","VALID","136,283,000","VALID","2,013","VALID","0","VALID","400","VALID","0","VALID","156,038,200","VALID","6,161","VALID","","VALID","100","VALID","0","VALID","27,672,000","VALID","0","VALID","448","VALID"
"400002056","400002056","solax","2026-04-01 23:40:00.000","","VALID","","VALID","0","VALID","0","VALID","2,031,200","VALID","2,744,400","VALID","0","VALID","100","VALID","","VALID","","VALID","","VALID","200","VALID","0","VALID","12,765,600","VALID","1,010,300","VALID","-1,586","VALID","0","VALID","99","VALID","0","VALID","3,859,500","VALID","951","VALID","","VALID","200","VALID","0","VALID","16,327,900","VALID","0","VALID","2,537","VALID"
"400002333","400002333","solax","2026-04-01 23:40:00.000","","VALID","","VALID","0","VALID","100","VALID","2,214,400","VALID","2,436,900","VALID","-491","VALID","27","VALID","","VALID","","VALID","","VALID","0","VALID","0","VALID","4,604,700","VALID","4,160,200","VALID","-387","VALID","0","VALID","0","VALID","0","VALID","3,492,200","VALID","97","VALID","","VALID","0","VALID","0","VALID","4,159,100","VALID","0","VALID","781","VALID"
"400002054","400002054","solax","2026-04-01 23:40:01.000","","VALID","","VALID","0","VALID","0","VALID","7,290,400","VALID","4,379,300","VALID","278","VALID","99","VALID","","VALID","","VALID","","VALID","0","VALID","0","VALID","8,275,000","VALID","5,287,000","VALID","0","VALID","0","VALID","100","VALID","0","VALID","20,291,600","VALID","1,290","VALID","","VALID","100","VALID","0","VALID","24,279,600","VALID","0","VALID","1,012","VALID"
"400003690","400003690","solax","2026-04-01 23:40:01.000","","VALID","","VALID","0","VALID","300","VALID","6,541,899","VALID","5,420,000","VALID","-1,573","VALID","99.5","VALID","","VALID","","VALID","","VALID","100","VALID","0","VALID","32,138,800","VALID","18,185,000","VALID","-1,067","VALID","0","VALID","100","VALID","0","VALID","45,964,499","VALID","1,056","VALID","","VALID","200","VALID","0","VALID","51,949,700","VALID","0","VALID","3,696","VALID"
"400001489","400001489","solax","2026-04-01 23:40:02.000","","VALID","","VALID","0","VALID","0","VALID","6,292,300","VALID","6,897,300","VALID","0","VALID","100","VALID","","VALID","","VALID","","VALID","100","VALID","0","VALID","26,347,500","VALID","23,328,100","VALID","-1,190","VALID","0","VALID","0","VALID","0","VALID","13,977,899","VALID","620","VALID","","VALID","200","VALID","0","VALID","17,602,300","VALID","0","VALID","1,810","VALID"
"400002048","400002048","solax","2026-04-01 23:46:44.000","","VALID","","VALID","100","VALID","0","VALID","3,265,600","VALID","3,613,600","VALID","920","VALID","96","VALID","","VALID","","VALID","","VALID","0","VALID","0","VALID","5,562,600","VALID","8,917,900","VALID","0","VALID","0","VALID","300","VALID","0","VALID","15,291,300","VALID","2,874","VALID","","VALID","200","VALID","0","VALID","12,284,000","VALID","0","VALID","1,954","VALID"
"400001760","400001760","solax","2026-04-01 23:48:38.000","","VALID","","VALID","0","VALID","0","VALID","13,000","VALID","33,000","VALID","0","VALID","0","VALID","","VALID","","VALID","","VALID","100","VALID","0","VALID","15,620,200","VALID","5,728,600","VALID","-1,706","VALID","0","VALID","300","VALID","0","VALID","23,976,400","VALID","6,168","VALID","","VALID","400","VALID","0","VALID","33,888,000","VALID","0","VALID","4,462","VALID"
"400001859","400001859","solax","2026-04-01 23:50:00.000","","VALID","","VALID","0","VALID","0","VALID","4,849,800","VALID","2,937,300","VALID","-273","VALID","62","VALID","","VALID","","VALID","","VALID","0","VALID","0","VALID","200","VALID","200","VALID","0","VALID","0","VALID","100","VALID","0","VALID","21,990,800","VALID","751","VALID","","VALID","100","VALID","0","VALID","22,654,600","VALID","0","VALID","1,024","VALID"
"400001860","400001860","solax","2026-04-01 23:50:01.000","","VALID","","VALID","0","VALID","0","VALID","6,067,800","VALID","3,533,400","VALID","0","VALID","100","VALID","","VALID","","VALID","","VALID","0","VALID","0","VALID","200","VALID","200","VALID","0","VALID","0","VALID","100","VALID","0","VALID","18,477,200","VALID","1,012","VALID","","VALID","100","VALID","0","VALID","19,300,400","VALID","0","VALID","1,012","VALID"
"400001882","400001882","solax","2026-04-01 23:50:01.000","","VALID","","VALID","0","VALID","0","VALID","5,046,800","VALID","2,997,700","VALID","-585","VALID","58","VALID","","VALID","","VALID","","VALID","0","VALID","0","VALID","200","VALID","200","VALID","0","VALID","0","VALID","100","VALID","0","VALID","16,645,398","VALID","737","VALID","","VALID","100","VALID","0","VALID","17,224,800","VALID","0","VALID","1,322","VALID"
"400003181","400003181","solax","2026-04-01 23:50:01.000","","VALID","","VALID","0","VALID","0","VALID","2,861,100","VALID","3,153,600","VALID","-83","VALID","47","VALID","","VALID","","VALID","","VALID","0","VALID","0","VALID","100","VALID","100","VALID","0","VALID","0","VALID","0","VALID","0","VALID","10,686,200","VALID","776","VALID","","VALID","100","VALID","0","VALID","10,978,700","VALID","0","VALID","859","VALID"
"400001859","400001859","solax","2026-04-01 23:55:00.000","","VALID","","VALID","0","VALID","0","VALID","4,849,800","VALID","2,937,300","VALID","-269","VALID","62","VALID","","VALID","","VALID","","VALID","0","VALID","0","VALID","200","VALID","200","VALID","0","VALID","0","VALID","100","VALID","0","VALID","21,990,800","VALID","744","VALID","","VALID","100","VALID","0","VALID","22,654,600","VALID","0","VALID","1,013","VALID"
"400001477","400001477","solax","2026-04-01 23:55:00.000","","VALID","","VALID","0","VALID","0","VALID","3,398,500","VALID","3,666,800","VALID","0","VALID","99","VALID","","VALID","","VALID","","VALID","100","VALID","0","VALID","2,731,800","VALID","3,230,900","VALID","-2,085","VALID","0","VALID","100","VALID","0","VALID","9,750,300","VALID","604","VALID","","VALID","200","VALID","0","VALID","9,519,500","VALID","0","VALID","2,689","VALID"
"400002030","400002030","solax","2026-04-01 23:55:00.000","","VALID","","VALID","300","VALID","0","VALID","22,738,000","VALID","13,273,300","VALID","3,780","VALID","52","VALID","","VALID","","VALID","","VALID","100","VALID","0","VALID","5,503,000","VALID","136,283,000","VALID","-679","VALID","0","VALID","300","VALID","0","VALID","156,038,200","VALID","3,463","VALID","","VALID","0","VALID","0","VALID","27,672,000","VALID","0","VALID","362","VALID"
"400005001","400005001","solax","2026-04-01 23:55:00.000","","VALID","","VALID","0","VALID","0","VALID","4,541,000","VALID","6,150,200","VALID","-79","VALID","100","VALID","","VALID","","VALID","","VALID","600","VALID","0","VALID","8,756,300","VALID","3,144,600","VALID","-6,777","VALID","0","VALID","0","VALID","0","VALID","12,969,800","VALID","6,900","VALID","","VALID","600","VALID","0","VALID","20,190,700","VALID","0","VALID","7,286","VALID"
"400005131","400005131","solax","2026-04-01 23:55:00.000","","VALID","","VALID","0","VALID","0","VALID","4,614,709","VALID","4,884,277","VALID","0","VALID","100","VALID","","VALID","","VALID","","VALID","100","VALID","0","VALID","8,358,100","VALID","9,199,587","VALID","-1,804","VALID","0","VALID","100","VALID","0","VALID","8,206,500","VALID","643","VALID","","VALID","200","VALID","0","VALID","14,179,700","VALID","0","VALID","2,447","VALID"
"400001860","400001860","solax","2026-04-01 23:55:01.000","","VALID","","VALID","0","VALID","0","VALID","6,067,800","VALID","3,533,400","VALID","0","VALID","100","VALID","","VALID","","VALID","","VALID","0","VALID","0","VALID","200","VALID","200","VALID","0","VALID","0","VALID","100","VALID","0","VALID","18,477,200","VALID","828","VALID","","VALID","100","VALID","0","VALID","19,300,400","VALID","0","VALID","828","VALID"
"400001882","400001882","solax","2026-04-01 23:55:01.000","","VALID","","VALID","0","VALID","100","VALID","5,046,800","VALID","2,997,800","VALID","-296","VALID","58","VALID","","VALID","","VALID","","VALID","0","VALID","0","VALID","200","VALID","200","VALID","0","VALID","0","VALID","100","VALID","0","VALID","16,645,398","VALID","719","VALID","","VALID","100","VALID","0","VALID","17,224,800","VALID","0","VALID","1,015","VALID"
"400003181","400003181","solax","2026-04-01 23:55:01.000","","VALID","","VALID","0","VALID","0","VALID","2,861,100","VALID","3,153,600","VALID","0","VALID","47","VALID","","VALID","","VALID","","VALID","0","VALID","0","VALID","100","VALID","100","VALID","0","VALID","0","VALID","100","VALID","0","VALID","10,686,200","VALID","782","VALID","","VALID","0","VALID","0","VALID","10,978,700","VALID","0","VALID","782","VALID"
"400002054","400002054","solax","2026-04-01 23:55:01.000","","VALID","","VALID","100","VALID","0","VALID","7,290,400","VALID","4,379,300","VALID","0","VALID","99","VALID","","VALID","","VALID","","VALID","0","VALID","0","VALID","8,275,000","VALID","5,287,000","VALID","-195","VALID","0","VALID","100","VALID","0","VALID","20,291,600","VALID","1,286","VALID","","VALID","100","VALID","0","VALID","24,279,600","VALID","0","VALID","1,481","VALID"
"400002056","400002056","solax","2026-04-01 23:55:01.000","","VALID","","VALID","0","VALID","0","VALID","2,031,200","VALID","2,744,400","VALID","0","VALID","100","VALID","","VALID","","VALID","","VALID","200","VALID","0","VALID","12,766,100","VALID","1,010,300","VALID","-1,479","VALID","0","VALID","0","VALID","0","VALID","3,859,600","VALID","210","VALID","","VALID","300","VALID","0","VALID","16,328,600","VALID","0","VALID","1,689","VALID"
"400002333","400002333","solax","2026-04-01 23:55:01.000","","VALID","","VALID","0","VALID","0","VALID","2,214,400","VALID","2,437,000","VALID","-514","VALID","29","VALID","","VALID","","VALID","","VALID","0","VALID","0","VALID","4,604,700","VALID","4,160,200","VALID","0","VALID","0","VALID","0","VALID","0","VALID","3,492,200","VALID","13","VALID","","VALID","100","VALID","0","VALID","4,159,300","VALID","0","VALID","527","VALID"
"400003690","400003690","solax","2026-04-01 23:55:01.000","","VALID","","VALID","0","VALID","0","VALID","6,541,899","VALID","5,420,000","VALID","3","VALID","99","VALID","","VALID","","VALID","","VALID","100","VALID","0","VALID","32,138,800","VALID","18,185,000","VALID","-1,342","VALID","0","VALID","100","VALID","0","VALID","45,964,499","VALID","1,261","VALID","","VALID","200","VALID","0","VALID","51,949,700","VALID","0","VALID","2,216","VALID"
"400005002","400005002","solax","2026-04-01 23:55:01.000","","VALID","","VALID","0","VALID","0","VALID","11,129,100","VALID","8,520,600","VALID","0","VALID","9","VALID","","VALID","","VALID","","VALID","0","VALID","400","VALID","33,979,400","VALID","51,532,400","VALID","2,636","VALID","0","VALID","500","VALID","0","VALID","44,284,500","VALID","3,711","VALID","","VALID","100","VALID","0","VALID","27,646,700","VALID","0","VALID","1,075","VALID"
"400001489","400001489","solax","2026-04-01 23:55:02.000","","VALID","","VALID","0","VALID","0","VALID","6,292,300","VALID","6,897,300","VALID","0","VALID","100","VALID","","VALID","","VALID","","VALID","100","VALID","0","VALID","26,347,800","VALID","23,328,100","VALID","-1,141","VALID","0","VALID","100","VALID","0","VALID","13,978,000","VALID","440","VALID","","VALID","200","VALID","0","VALID","17,602,700","VALID","0","VALID","1,581","VALID"
"400001432","400001432","tesla","2026-04-01 23:55:53.000","","VALID","","VALID","16","VALID","6","VALID","3,164,199","VALID","3,217,594","VALID","-1","VALID","100","VALID","","VALID","","VALID","","VALID","45","VALID","0","VALID","2,504,620","VALID","1,143,203.875","VALID","-326","VALID","0","VALID","17","VALID","0","VALID","5,138,412.875","VALID","92","VALID","","VALID","52","VALID","0","VALID","6,553,224","VALID","0","VALID","419","VALID"
"400001431","400001431","tesla","2026-04-01 23:56:06.000","","VALID","","VALID","695","VALID","0","VALID","4,013,733","VALID","4,146,178","VALID","4,032","VALID","63.60424028268551","VALID","","VALID","","VALID","","VALID","0","VALID","2","VALID","49,744","VALID","16,028,064","VALID","5","VALID","0","VALID","725","VALID","0","VALID","27,514,433","VALID","4,379","VALID","","VALID","28","VALID","0","VALID","11,668,558","VALID","0","VALID","342","VALID"
"400000948","400000948","tesla","2026-04-01 23:56:07.000","","VALID","","VALID","6","VALID","1","VALID","3,153,310","VALID","3,244,909","VALID","773","VALID","100","VALID","","VALID","","VALID","","VALID","15","VALID","13.75","VALID","16,434,004","VALID","2,459,487.25","VALID","-3","VALID","0","VALID","35.75","VALID","0","VALID","7,876,000.25","VALID","1,112","VALID","","VALID","32","VALID","0","VALID","21,942,116","VALID","0","VALID","342","VALID"
"400005107","400005107","tesla","2026-04-01 23:56:09.000","","VALID","","VALID","0","VALID","85","VALID","2,599,492","VALID","2,702,901","VALID","-955","VALID","55.08771929824562","VALID","","VALID","","VALID","","VALID","0","VALID","0","VALID","1,435,431","VALID","9,114,357","VALID","7","VALID","0","VALID","32","VALID","0","VALID","13,129,519","VALID","226","VALID","","VALID","117","VALID","0","VALID","5,554,002","VALID","0","VALID","1,174","VALID"
"400001955","400001955","tesla","2026-04-01 23:56:10.000","","VALID","","VALID","17","VALID","7","VALID","4,780,966","VALID","4,933,032","VALID","2","VALID","100","VALID","","VALID","","VALID","","VALID","118","VALID","0","VALID","3,839,681","VALID","6,060,307","VALID","-1,399","VALID","0","VALID","56","VALID","0","VALID","13,432,247","VALID","526","VALID","","VALID","164","VALID","0","VALID","11,363,687","VALID","0","VALID","1,923","VALID"
"400005805","400005805","tesla","2026-04-01 23:56:15.000","","VALID","","VALID","36","VALID","1","VALID","2,764,974","VALID","2,850,076","VALID","308","VALID","42.857142857142854","VALID","","VALID","","VALID","","VALID","0","VALID","0","VALID","1,730,981","VALID","11,505,376","VALID","-1","VALID","0","VALID","35","VALID","0","VALID","11,615,969","VALID","119.1999969482422","VALID","","VALID","0","VALID","0","VALID","1,926,676","VALID","0","VALID","-187.8000030517578","VALID"
"400000665","400000665","tesla","2026-04-01 23:56:28.000","","VALID","","VALID","0","VALID","0","VALID","15,010,337","VALID","17,889,810","VALID","140","VALID","100","VALID","","VALID","","VALID","","VALID","7.5","VALID","1","VALID","6,381,343","VALID","7,622,209","VALID","24","VALID","0","VALID","427.5","VALID","0","VALID","18,910,385","VALID","5,272","VALID","","VALID","434","VALID","0","VALID","20,548,992","VALID","0","VALID","5,108","VALID"
"400001795","400001795","tesla","2026-04-01 23:56:31.000","","VALID","","VALID","0","VALID","105","VALID","1,166,579","VALID","1,203,392","VALID","1","VALID","98.61111111111111","VALID","","VALID","","VALID","","VALID","11","VALID","1.5","VALID","1,194,696.25","VALID","7,306,438.5","VALID","-1,581","VALID","0","VALID","62.5","VALID","0","VALID","9,127,269.5","VALID","473","VALID","","VALID","177","VALID","0","VALID","3,052,340.25","VALID","0","VALID","2,053","VALID"
"400002048","400002048","solax","2026-04-01 23:56:44.000","","VALID","","VALID","200","VALID","0","VALID","3,265,900","VALID","3,613,600","VALID","2,470","VALID","93","VALID","","VALID","","VALID","","VALID","0","VALID","0","VALID","5,562,700","VALID","8,918,000","VALID","0","VALID","0","VALID","400","VALID","0","VALID","15,291,900","VALID","4,152","VALID","","VALID","100","VALID","0","VALID","12,284,300","VALID","0","VALID","1,682","VALID"
"400001760","400001760","solax","2026-04-01 23:58:38.000","","VALID","","VALID","0","VALID","0","VALID","13,000","VALID","33,000","VALID","0","VALID","0","VALID","","VALID","","VALID","","VALID","100","VALID","0","VALID","15,620,500","VALID","5,728,600","VALID","-1,569","VALID","0","VALID","199","VALID","0","VALID","23,976,699","VALID","5,694","VALID","","VALID","300","VALID","0","VALID","33,888,600","VALID","0","VALID","4,125","VALID"